id,predicted_status
dcv-v6-00005,
dcv-v6-00006,
dcv-v6-00007,
dcv-v6-00015,
dcv-v6-00016,
dcv-v6-00018,
dcv-v6-00023,
dcv-v6-00033,
dcv-v6-00041,
dcv-v6-00042,
dcv-v6-00043,
dcv-v6-00056,
dcv-v6-00060,
dcv-v6-00061,
dcv-v6-00066,
dcv-v6-00070,
dcv-v6-00071,
dcv-v6-00072,
dcv-v6-00083,
dcv-v6-00086,
dcv-v6-00109,
dcv-v6-00115,
dcv-v6-00116,
dcv-v6-00119,
dcv-v6-00125,
dcv-v6-00126,
dcv-v6-00134,
dcv-v6-00139,
dcv-v6-00156,
dcv-v6-00159,
dcv-v6-00161,
dcv-v6-00163,
dcv-v6-00165,
dcv-v6-00167,
dcv-v6-00173,
dcv-v6-00178,
dcv-v6-00179,
dcv-v6-00180,
dcv-v6-00193,
dcv-v6-00204,
dcv-v6-00211,
dcv-v6-00212,
dcv-v6-00227,
dcv-v6-00229,
dcv-v6-00234,
dcv-v6-00236,
dcv-v6-00237,
dcv-v6-00238,
dcv-v6-00239,
dcv-v6-00251,
dcv-v6-00253,
dcv-v6-00264,
dcv-v6-00265,
dcv-v6-00270,
dcv-v6-00272,
dcv-v6-00287,
dcv-v6-00288,
dcv-v6-00289,
dcv-v6-00298,
dcv-v6-00300,
dcv-v6-00303,
dcv-v6-00307,
dcv-v6-00316,
dcv-v6-00321,
dcv-v6-00324,
dcv-v6-00325,
dcv-v6-00328,
dcv-v6-00330,
dcv-v6-00336,
dcv-v6-00341,
dcv-v6-00346,
dcv-v6-00357,
dcv-v6-00359,
dcv-v6-00361,
dcv-v6-00363,
dcv-v6-00371,
dcv-v6-00376,
dcv-v6-00380,
dcv-v6-00382,
dcv-v6-00390,
dcv-v6-00400,
dcv-v6-00404,
dcv-v6-00405,
dcv-v6-00406,
dcv-v6-00421,
dcv-v6-00422,
dcv-v6-00423,
dcv-v6-00425,
dcv-v6-00433,
dcv-v6-00445,
dcv-v6-00449,
dcv-v6-00453,
dcv-v6-00466,
dcv-v6-00470,
dcv-v6-00478,
dcv-v6-00479,
dcv-v6-00489,
dcv-v6-00490,
dcv-v6-00499,
dcv-v6-00502,
dcv-v6-00513,
dcv-v6-00515,
dcv-v6-00524,
dcv-v6-00526,
dcv-v6-00529,
dcv-v6-00535,
dcv-v6-00548,
dcv-v6-00550,
dcv-v6-00556,
dcv-v6-00558,
dcv-v6-00559,
dcv-v6-00560,
dcv-v6-00561,
dcv-v6-00581,
dcv-v6-00585,
dcv-v6-00590,
dcv-v6-00591,
dcv-v6-00598,
dcv-v6-00605,
dcv-v6-00614,
dcv-v6-00617,
dcv-v6-00618,
dcv-v6-00621,
dcv-v6-00623,
dcv-v6-00632,
dcv-v6-00633,
dcv-v6-00646,
dcv-v6-00651,
dcv-v6-00659,
dcv-v6-00664,
dcv-v6-00675,
dcv-v6-00688,
dcv-v6-00693,
dcv-v6-00695,
dcv-v6-00701,
dcv-v6-00705,
dcv-v6-00706,
dcv-v6-00707,
dcv-v6-00708,
dcv-v6-00713,
dcv-v6-00717,
dcv-v6-00718,
dcv-v6-00724,
dcv-v6-00725,
dcv-v6-00744,
dcv-v6-00747,
dcv-v6-00749,
dcv-v6-00750,
dcv-v6-00752,
dcv-v6-00762,
dcv-v6-00764,
dcv-v6-00769,
dcv-v6-00770,
dcv-v6-00774,
dcv-v6-00779,
dcv-v6-00781,
dcv-v6-00785,
dcv-v6-00790,
dcv-v6-00792,
dcv-v6-00794,
dcv-v6-00799,
dcv-v6-00809,
dcv-v6-00813,
dcv-v6-00814,
dcv-v6-00815,
dcv-v6-00826,
dcv-v6-00828,
dcv-v6-00831,
dcv-v6-00836,
dcv-v6-00837,
dcv-v6-00839,
dcv-v6-00852,
dcv-v6-00853,
dcv-v6-00857,
dcv-v6-00860,
dcv-v6-00869,
dcv-v6-00871,
dcv-v6-00873,
dcv-v6-00881,
dcv-v6-00886,
dcv-v6-00895,
dcv-v6-00899,
dcv-v6-00901,
dcv-v6-00902,
dcv-v6-00905,
dcv-v6-00920,
dcv-v6-00924,
dcv-v6-00935,
dcv-v6-00947,
dcv-v6-00953,
dcv-v6-00957,
dcv-v6-00959,
dcv-v6-00961,
dcv-v6-00966,
dcv-v6-00969,
dcv-v6-00971,
dcv-v6-00972,
dcv-v6-00974,
dcv-v6-00998,
dcv-v6-00999,
dcv-v6-01006,
dcv-v6-01008,
dcv-v6-01012,
dcv-v6-01017,
dcv-v6-01022,
dcv-v6-01027,
dcv-v6-01044,
dcv-v6-01046,
dcv-v6-01050,
dcv-v6-01063,
dcv-v6-01064,
dcv-v6-01070,
dcv-v6-01077,
dcv-v6-01084,
dcv-v6-01085,
dcv-v6-01086,
dcv-v6-01087,
dcv-v6-01088,
dcv-v6-01091,
dcv-v6-01107,
dcv-v6-01110,
dcv-v6-01111,
dcv-v6-01124,
dcv-v6-01127,
dcv-v6-01138,
dcv-v6-01139,
dcv-v6-01155,
dcv-v6-01158,
dcv-v6-01161,
dcv-v6-01164,
dcv-v6-01165,
dcv-v6-01172,
dcv-v6-01174,
dcv-v6-01186,
dcv-v6-01189,
dcv-v6-01197,
dcv-v6-01199,
dcv-v6-01203,
dcv-v6-01216,
dcv-v6-01223,
dcv-v6-01224,
dcv-v6-01227,
dcv-v6-01233,
dcv-v6-01236,
dcv-v6-01237,
dcv-v6-01239,
dcv-v6-01246,
dcv-v6-01247,
dcv-v6-01249,
dcv-v6-01254,
dcv-v6-01266,
dcv-v6-01267,
dcv-v6-01277,
dcv-v6-01279,
dcv-v6-01287,
dcv-v6-01288,
dcv-v6-01289,
dcv-v6-01293,
dcv-v6-01294,
dcv-v6-01295,
dcv-v6-01297,
dcv-v6-01301,
dcv-v6-01311,
dcv-v6-01322,
dcv-v6-01325,
dcv-v6-01326,
dcv-v6-01329,
dcv-v6-01340,
dcv-v6-01347,
dcv-v6-01349,
dcv-v6-01352,
dcv-v6-01355,
dcv-v6-01360,
dcv-v6-01361,
dcv-v6-01365,
dcv-v6-01366,
dcv-v6-01370,
dcv-v6-01375,
dcv-v6-01386,
dcv-v6-01387,
dcv-v6-01389,
dcv-v6-01408,
dcv-v6-01409,
dcv-v6-01436,
dcv-v6-01437,
dcv-v6-01442,
dcv-v6-01444,
dcv-v6-01445,
dcv-v6-01446,
dcv-v6-01453,
dcv-v6-01455,
dcv-v6-01457,
dcv-v6-01467,
dcv-v6-01469,
dcv-v6-01471,
dcv-v6-01472,
dcv-v6-01473,
dcv-v6-01477,
dcv-v6-01478,
dcv-v6-01484,
dcv-v6-01485,
dcv-v6-01494,
dcv-v6-01497,
dcv-v6-01500,
dcv-v6-01507,
dcv-v6-01519,
dcv-v6-01532,
dcv-v6-01534,
dcv-v6-01535,
dcv-v6-01536,
dcv-v6-01550,
dcv-v6-01551,
dcv-v6-01552,
dcv-v6-01553,
dcv-v6-01556,
dcv-v6-01558,
dcv-v6-01580,
dcv-v6-01584,
dcv-v6-01600,
dcv-v6-01605,
dcv-v6-01609,
dcv-v6-01610,
dcv-v6-01611,
dcv-v6-01629,
dcv-v6-01630,
dcv-v6-01635,
dcv-v6-01642,
dcv-v6-01645,
dcv-v6-01647,
dcv-v6-01649,
dcv-v6-01650,
dcv-v6-01656,
dcv-v6-01659,
dcv-v6-01664,
dcv-v6-01667,
dcv-v6-01682,
dcv-v6-01699,
dcv-v6-01700,
dcv-v6-01701,
dcv-v6-01704,
dcv-v6-01706,
dcv-v6-01707,
dcv-v6-01721,
dcv-v6-01723,
dcv-v6-01727,
dcv-v6-01734,
dcv-v6-01740,
dcv-v6-01741,
dcv-v6-01743,
dcv-v6-01745,
dcv-v6-01757,
dcv-v6-01759,
dcv-v6-01773,
dcv-v6-01781,
dcv-v6-01793,
dcv-v6-01795,
dcv-v6-01802,
dcv-v6-01806,
dcv-v6-01814,
dcv-v6-01815,
dcv-v6-01826,
dcv-v6-01837,
dcv-v6-01840,
dcv-v6-01843,
dcv-v6-01845,
dcv-v6-01846,
dcv-v6-01852,
dcv-v6-01860,
dcv-v6-01862,
dcv-v6-01864,
dcv-v6-01873,
dcv-v6-01881,
dcv-v6-01883,
dcv-v6-01884,
dcv-v6-01885,
dcv-v6-01886,
dcv-v6-01896,
dcv-v6-01902,
dcv-v6-01904,
dcv-v6-01906,
dcv-v6-01912,
dcv-v6-01913,
dcv-v6-01928,
dcv-v6-01929,
dcv-v6-01935,
dcv-v6-01940,
dcv-v6-01943,
dcv-v6-01948,
dcv-v6-01958,
dcv-v6-01960,
dcv-v6-01961,
dcv-v6-01962,
dcv-v6-01968,
dcv-v6-01970,
dcv-v6-01978,
dcv-v6-01985,
dcv-v6-01991,
dcv-v6-01994,
dcv-v6-02001,
dcv-v6-02003,
dcv-v6-02006,
dcv-v6-02012,
dcv-v6-02015,
dcv-v6-02022,
dcv-v6-02028,
dcv-v6-02032,
dcv-v6-02039,
dcv-v6-02044,
dcv-v6-02054,
dcv-v6-02060,
dcv-v6-02064,
dcv-v6-02082,
dcv-v6-02087,
dcv-v6-02093,
dcv-v6-02095,
dcv-v6-02096,
dcv-v6-02101,
dcv-v6-02107,
dcv-v6-02109,
dcv-v6-02110,
dcv-v6-02119,
dcv-v6-02125,
dcv-v6-02135,
dcv-v6-02137,
dcv-v6-02142,
dcv-v6-02146,
dcv-v6-02151,
dcv-v6-02153,
dcv-v6-02155,
dcv-v6-02157,
dcv-v6-02158,
dcv-v6-02167,
dcv-v6-02177,
dcv-v6-02186,
dcv-v6-02191,
dcv-v6-02193,
dcv-v6-02194,
dcv-v6-02196,
dcv-v6-02207,
dcv-v6-02214,
dcv-v6-02218,
dcv-v6-02219,
dcv-v6-02224,
dcv-v6-02233,
dcv-v6-02234,
dcv-v6-02242,
dcv-v6-02246,
dcv-v6-02250,
dcv-v6-02252,
dcv-v6-02256,
dcv-v6-02259,
dcv-v6-02262,
dcv-v6-02270,
dcv-v6-02274,
dcv-v6-02275,
dcv-v6-02279,
dcv-v6-02281,
dcv-v6-02289,
dcv-v6-02291,
dcv-v6-02295,
dcv-v6-02297,
dcv-v6-02298,
dcv-v6-02300,
dcv-v6-02309,
dcv-v6-02318,
dcv-v6-02325,
dcv-v6-02329,
dcv-v6-02332,
dcv-v6-02342,
dcv-v6-02343,
dcv-v6-02358,
dcv-v6-02361,
dcv-v6-02371,
dcv-v6-02372,
dcv-v6-02377,
dcv-v6-02383,
dcv-v6-02390,
dcv-v6-02395,
dcv-v6-02402,
dcv-v6-02405,
dcv-v6-02409,
dcv-v6-02412,
dcv-v6-02424,
dcv-v6-02426,
dcv-v6-02429,
dcv-v6-02431,
dcv-v6-02434,
dcv-v6-02436,
dcv-v6-02438,
dcv-v6-02445,
dcv-v6-02458,
dcv-v6-02461,
dcv-v6-02476,
dcv-v6-02477,
dcv-v6-02482,
dcv-v6-02485,
dcv-v6-02489,
dcv-v6-02492,
dcv-v6-02496,
dcv-v6-02500,
